name,x,y,z
-0.061925,1.000000,-0.102330
landmark_3,0.061730,1.000000,0.544677
landmark_4,0.300334,0.819465,0.940260
0.216009,0.202049,0.957034
0.630927,0.587238,0.758009
landmark_6,0.811265,0.881088,0.551223
landmark_0,0.805500,0.356062,0.559851
