Name,X,Y,Z
femur_r_epicondyle_centroid,0.483924,-0.019068,0.117418
femur_r_epicondyle_lat,0.482677,-0.034081,0.147277
femur_r_epicondyle_med,0.485171,-0.004055,0.08756
femur_r_head_center,0.082959,-0.049452,0.07726
glmed_r_p2,0.087685,-0.094538,0.114963
RT1,0.27586,-0.047221,0.162137
RT2,0.321811,0.038404,0.141705
RT3,0.376195,-0.045018,0.164968
RKNE,0.481054,-0.041593,0.161965
