name,x,y,z
recfem_r_p2,0.0326,-0.06312,-0.00047
semimem_r_p2,-0.029,-0.0417,-0.0196
RANK,-0.005,-0.41,0.053
RS1,0.005,-0.065,0.05
RS2,0.05,-0.08,0
RS3,0.02,-0.13,0.05
