name,x,y,z
landmark_0,0.193338,0.942123,0.251278,trailing,bs
landmark_1,0.185009,0.642370,0.723435,trailing,bs
landmark_2,0.761562,0.512206,0.369009,trailing,bs
landmark_3,0.642076,0.742937,-0.107447,trailing,bs
landmark_4,-0.172111,0.805567,0.552898,trailing,bs
landmark_5,-0.005061,0.533033,0.842509,trailing,bs
landmark_6,0.309036,0.209952,0.914806,trailing,bs
