Name,X,Y,Z
femur_r_epicondyle_centroid,0.483924,-0.019068,0.117418
femur_r_epicondyle_lat,0.482677,-0.034081,0.147277
femur_r_epicondyle_med,0.485171,-0.004055,0.087560
femur_r_head_center,0.082959,-0.049452,0.077260
glmed2_r,0.087685,-0.094538,0.114963
