name,x,y,z
femur_r_medial_condyl,-0.020654,-0.408189,-0.029097
femur_r_lateral_condyl,-0.021517,-0.411211,0.020306
femur_r_condyl_centroid,-0.021086,-0.409700,-0.004395
femur_r_head,-0.000397,0.000641,0.000581
