name,x,y,z
landmark_0,-0.020654,-0.408189,-0.029097
landmark_1,-0.021517,-0.411211,0.020306
landmark_2,0.025599,-0.413324,-0.000619
landmark_3,-0.034752,-0.014155,0.035638
landmark_4,-0.026343,0.000739,0.038775
landmark_5,0.003136,0.007627,-0.020055
landmark_6,-0.024423,-0.056083,0.009341
landmark_7,-0.002346,-0.004827,0.031939
landmark_8,0.013309,-0.403309,-0.033265
landmark_9,0.010816,-0.404561,0.033564
