Name,X,Y,Z
ASIS_l,-0.009617,-0.006739,-0.119626
ASIS_midpoint,-0.008574,-0.007773,-0.000379
ASIS_r,-0.007530,-0.008806,0.118869
Acetabulum_centre,-0.056276,-0.078490,0.077260
PSIS_l,-0.129004,0.016827,-0.036860
PSIS_midpoint,-0.128958,0.019044,-0.000412
PSIS_r,-0.128912,0.021262,0.036036
