Name,X,Y,Z
ASIS_l,0.007526,-0.009014,-0.119626
ASIS_midpoint,0.008468,-0.007887,-0.000379
ASIS_r,0.009410,-0.006760,0.118869
Acetabulum_centre,0.082959,-0.049452,0.077260
PSIS_l,-0.005882,-0.129964,-0.036860
PSIS_midpoint,-0.008095,-0.130105,-0.000412
PSIS_r,-0.010309,-0.130246,0.036036
glmed2_r,-0.024315,-0.087363,0.067500
recfem_r,0.040687,-0.020641,0.093300
semimem_r,0.121922,-0.088729,0.061400
