name,x,y,z
femur_r_medial_condyl,-49.949356,50.548569,-291.500885
femur_r_lateral_condyl,-101.279755,45.739357,-288.294250
femur_r_condyl_centroid,-75.614555,48.143963,-289.897003
femur_r_head,-73.669930,56.609524,70.046715
