name,x,y,z
landmark_0,-49.949356,50.548569,-291.500885
landmark_1,-101.279755,45.739357,-288.294250
landmark_2,-71.526535,12.388428,-290.327179
landmark_3,-102.725586,90.633667,60.864819
landmark_4,-114.001389,71.984665,63.804897
landmark_5,-62.302517,46.001198,81.811958
landmark_6,-74.331131,70.593918,14.199211
landmark_7,-96.347870,53.838455,61.808121
landmark_8,-36.882889,30.037283,-278.034119
landmark_9,-109.664673,20.498672,-272.199402
