name,x,y,z
recfem_r,0.0326,-0.06312,-0.00047
semimem_r,-0.029,-0.0417,-0.0196
