name,x,y,z
landmark_0,0.688678,1.000000,-0.670657
landmark_1,-0.698883,1.000000,0.684569
landmark_2,0.641607,1.000000,0.635270
landmark_3,-0.652794,1.000000,-0.638966
landmark_4,0.687757,-1.000000,0.672416
landmark_5,0.654529,-1.000000,-0.675569
landmark_6,-0.674097,-1.000000,-0.675274
landmark_7,-0.657338,-1.000000,0.682995
landmark_8,-0.998837,0.002399,0.005849
landmark_9,-0.690527,0.022950,-0.718185
landmark_10,-0.955477,1.000000,-0.005775
landmark_11,0.948111,1.000000,0.018146
