name,x,y,z
landmark_0,0.464728,0.500000,-0.484160
landmark_1,-0.468505,0.500000,0.472945
landmark_2,0.450522,0.500000,0.445747
landmark_3,-0.467431,0.500000,-0.473141
landmark_4,0.461976,-0.500000,0.474599
landmark_5,0.470236,-0.500000,-0.479442
landmark_6,-0.463165,-0.500000,-0.462716
landmark_7,-0.469563,-0.500000,0.480081
landmark_8,-0.500000,0.008953,-0.002947
landmark_9,-0.500000,0.038104,-0.486901
landmark_10,-0.457388,0.500000,0.016381
landmark_11,0.458796,0.500000,0.001252
